Year,huc12,Irrigated,Non-irrigated
2000,170402080608,95554.7607843138,220730.35294117668
2000,170402080305,1006.0,102179.95686274508
2000,170402080306,13404.929411764704,100732.07450980396
2000,170402080201,8135.592156862747,79288.77254901963
2000,170402080203,602.6588235294117,50602.84705882363
2000,170402080202,19230.858823529412,195815.03921568615
2000,170402080204,55843.52549019604,164297.35686274525
2000,170402080208,1676.8313725490195,84145.82745098045
2000,170402080209,2927.0470588235294,154678.95686274488
2000,170402080207,4812.6627450980395,145575.69803921552
2000,170402080604,16667.980392156856,87851.87058823544
2000,170402080301,1.0,75122.63137254893
2000,170402080302,10511.870588235292,177723.69803921532
2000,170402080304,6763.176470588236,139262.21568627437
2000,170402080307,16231.023529411763,173995.58823529416
2000,170402080308,18229.909803921575,105428.80000000006
2000,170402080401,20088.717647058824,152591.87450980407
2000,170402080403,12025.039215686273,115961.10196078417
2000,170402080205,6822.894117647058,92305.08235294119
2000,170402080402,7158.462745098039,107021.0039215686
2000,170402080404,4852.8901960784315,155128.0470588235
2000,170402080303,961.6745098039215,79799.74509803935
2000,170402080601,1861.0,142005.21176470592
2000,170402080210,6761.686274509802,127137.50588235313
2000,170402080504,846.972549019608,189727.18431372562
2000,170402080505,3219.8745098039217,130882.37647058825
2000,170402080102,3355.337254901961,151585.14901960822
2000,170402080104,5103.78039215686,108510.0862745099
2000,170402080106,6720.388235294119,98739.91764705897
2000,170402080107,10033.682352941178,130333.56078431397
2000,170402080105,12875.24313725491,113689.8196078433
2000,170402080108,30654.74901960785,143615.62352941168
2000,170402080506,6241.556862745099,115747.82745098049
2000,170402080602,2648.18431372549,153616.305882353
2000,170402080603,4180.890196078432,152230.49411764723
2000,170402080211,9433.1568627451,226985.52549019616
2000,170402080502,1522.9215686274508,64573.63529411767
2000,170402080607,62272.73725490199,108358.9764705883
2000,170402080606,52082.28235294118,58125.768627450976
2000,170402080507,13472.882352941171,129170.14117647058
2000,170402080101,458.1411764705882,147993.71764705892
2000,170402080103,295.15686274509807,56669.223529411865
2000,170402080206,401.0,115353.44313725483
2000,170402080501,4785.690196078432,152949.90196078437
2000,170402080605,73664.54509803916,200027.78039215686
2000,170402080503,3842.5019607843137,159433.3882352936
2001,170402080606,51808.760784313745,58399.29019607839
2001,170402080507,12128.176470588232,130514.84705882354
2001,170402080101,322.24313725490197,148129.6156862746
2001,170402080103,333.03137254901964,56631.349019607944
2001,170402080503,3613.470588235294,159662.4196078426
2001,170402080501,5751.007843137256,151984.58431372553
2001,170402080502,1279.5764705882352,64816.98039215689
2001,170402080607,63278.61176470592,107353.10196078438
2001,170402080206,353.0,115401.44313725483
2001,170402080605,67499.49411764699,206192.83137254894
2001,170402080608,90168.7450980393,226116.36862745116
2001,170402080602,545.0745098039216,155719.41568627453
2001,170402080506,6275.607843137257,115713.77647058833
2001,170402080211,8772.129411764707,227646.5529411765
2001,170402080108,28496.968627450984,145773.40392156853
2001,170402080105,11598.105882352947,114966.95686274522
2001,170402080107,8881.619607843139,131485.62352941203
2001,170402080106,6825.258823529412,98635.04705882371
2001,170402080104,4533.878431372549,109079.98823529421
2001,170402080102,3492.0509803921573,151448.435294118
2001,170402080504,775.2823529411764,189798.87450980404
2001,170402080603,2348.1058823529415,154063.27843137272
2001,170402080505,3202.8470588235296,130899.40392156865
2001,170402080210,4943.447058823531,128955.74509803939
2001,170402080604,13823.247058823537,90696.6039215688
2001,170402080601,260.89019607843136,143605.32156862746
2001,170402080404,4426.580392156864,155554.35686274507
2001,170402080402,5838.694117647058,108340.77254901959
2001,170402080205,6759.00392156863,92368.97254901961
2001,170402080403,11514.478431372543,116471.66274509791
2001,170402080401,18404.160784313724,154276.43137254915
2001,170402080308,16106.98431372549,107551.72549019613
2001,170402080304,6384.764705882354,139640.62745098025
2001,170402080302,10081.070588235296,178154.49803921528
2001,170402080303,922.0549019607843,79839.36470588247
2001,170402080307,14050.631372549018,176175.98039215687
2001,170402080306,11730.796078431375,102406.2078431373
2001,170402080207,4565.5921568627455,145822.76862745083
2001,170402080209,2558.2313725490194,155047.77254901937
2001,170402080208,1181.0,84641.65882352945
2001,170402080204,54024.85490196076,166116.02745098041
2001,170402080202,21039.82352941176,194006.0745098037
2001,170402080203,235.79215686274512,50969.713725490285
2001,170402080201,11824.4862745098,75599.87843137259
2001,170402080301,1.0,75122.63137254893
2001,170402080305,1191.0,101994.95686274508
2002,170402080209,3903.3294117647056,153702.6745098037
2002,170402080208,2300.333333333333,83522.32549019613
2002,170402080204,66328.36862745095,153812.51372549022
2002,170402080202,26782.815686274495,188263.08235294087
2002,170402080305,1547.0,101638.95686274505
2002,170402080201,18379.956862745097,69044.4078431373
2002,170402080306,12272.909803921568,101864.09411764711
2002,170402080207,7007.058823529413,143381.30196078413
2002,170402080203,2194.1294117647058,49011.37647058835
2002,170402080210,8827.988235294115,125071.20392156883
2002,170402080404,5738.8117647058825,154242.12549019605
2002,170402080303,1666.7764705882353,79094.64313725504
2002,170402080302,12170.447058823529,176065.12156862704
2002,170402080304,7584.9254901960785,138440.4666666666
2002,170402080307,18488.74117647059,171737.87058823532
2002,170402080308,18324.41960784314,105334.2901960785
2002,170402080401,22100.980392156867,150579.61176470603
2002,170402080403,14939.905882352938,113046.23529411752
2002,170402080205,8513.854901960787,90614.12156862745
2002,170402080402,8474.976470588237,105704.49019607842
2002,170402080604,16888.76470588235,87631.08627450996
2002,170402080301,1.0,75122.63137254893
2002,170402080601,3080.0,140786.21176470592
2002,170402080605,71604.48235294112,202087.84313725476
2002,170402080504,997.0980392156864,189577.0588235295
2002,170402080102,4974.533333333333,149965.95294117683
2002,170402080104,5188.533333333331,108425.33333333343
2002,170402080106,7351.050980392158,98109.25490196099
2002,170402080107,13427.439215686274,126939.80392156885
2002,170402080105,14787.325490196083,111777.73725490211
2002,170402080108,34576.270588235304,139694.1019607842
2002,170402080211,11568.403921568628,224850.27843137263
2002,170402080506,6186.203921568629,115803.18039215697
2002,170402080602,1048.8627450980393,155215.62745098042
2002,170402080603,4276.321568627451,152135.0627450982
2002,170402080608,88140.26274509802,228144.8509803923
2002,170402080607,63775.50588235298,106856.20784313731
2002,170402080503,4518.223529411764,158757.66666666613
2002,170402080502,1684.4588235294116,64412.09803921571
2002,170402080501,7027.466666666668,150708.1254901961
2002,170402080206,491.0,115263.44313725483
2002,170402080505,3192.7529411764713,130909.4980392157
2002,170402080101,921.2274509803922,147530.6313725491
2002,170402080507,12309.298039215686,130333.72549019608
2002,170402080606,50916.435294117655,59291.615686274454
2002,170402080103,372.15686274509807,56592.223529411865
2003,170402080305,914.0,102271.95686274508
2003,170402080306,11155.631372549016,102981.37254901964
2003,170402080201,6701.9333333333325,80722.43137254915
2003,170402080203,332.34117647058815,50873.16470588245
2003,170402080202,16848.682352941178,198197.2156862743
2003,170402080204,52365.74901960779,167775.1333333333
2003,170402080208,1058.0588235294117,84764.60000000003
2003,170402080209,3243.164705882353,154362.83921568605
2003,170402080207,5201.7411764705885,145186.619607843
2003,170402080210,6856.878431372547,127042.31372549037
2003,170402080303,1314.9725490196079,79446.4470588237
2003,170402080302,7559.674509803922,180675.89411764665
2003,170402080304,5994.952941176471,140030.43921568614
2003,170402080404,4260.764705882353,155720.17254901954
2003,170402080308,14558.231372549017,109100.47843137263
2003,170402080401,16573.768627450983,156106.82352941186
2003,170402080403,10206.003921568625,117780.13725490186
2003,170402080205,5963.482352941176,93164.49411764706
2003,170402080402,5499.141176470587,108680.32549019606
2003,170402080604,16563.423529411768,87956.42745098054
2003,170402080301,,75123.63137254893
2003,170402080307,11835.666666666668,178390.94509803923
2003,170402080601,150.90980392156862,143715.30196078433
2003,170402080504,690.2470588235295,189883.90980392168
2003,170402080505,2790.7725490196085,131311.47843137255
2003,170402080608,87798.0784313726,228487.03529411767
2003,170402080102,1331.7686274509804,153608.7176470592
2003,170402080104,3942.0627450980387,109671.80392156877
2003,170402080106,3907.376470588236,101552.9294117649
2003,170402080107,7369.317647058825,132997.9254901963
2003,170402080108,25493.36078431373,148777.01176470576
2003,170402080211,8080.019607843138,228338.66274509818
2003,170402080506,5192.5490196078445,116796.83529411771
2003,170402080602,329.7098039215686,155934.78039215688
2003,170402080105,7680.4509803921555,118884.61176470603
2003,170402080605,69053.23529411759,204639.09019607835
2003,170402080603,1196.0196078431372,155215.3647058825
2003,170402080502,1042.843137254902,65053.71372549022
2003,170402080501,4410.329411764706,153325.2627450981
2003,170402080206,215.0,115539.44313725483
2003,170402080103,109.41568627450981,56854.96470588245
2003,170402080503,4043.588235294118,159232.3019607838
2003,170402080507,12549.905882352938,130093.11764705885
2003,170402080606,49676.55686274511,60531.494117647024
2003,170402080607,60661.58039215692,109970.13333333339
2003,170402080101,112.23137254901961,148339.62745098048
2004,170402080607,64096.82745098042,106534.88627450989
2004,170402080503,4639.929411764705,158635.96078431318
2004,170402080502,1687.2431372549017,64409.31372549021
2004,170402080501,8819.235294117649,148916.35686274513
2004,170402080206,437.0,115317.44313725483
2004,170402080103,361.89803921568625,56602.48235294128
2004,170402080101,1435.9254901960783,147015.93333333344
2004,170402080507,12913.780392156867,129729.2431372549
2004,170402080606,51653.77254901962,58554.278431372506
2004,170402080605,70282.38823529404,203409.93725490192
2004,170402080504,907.556862745098,189666.6000000001
2004,170402080602,1661.1411764705883,154603.34901960788
2004,170402080506,6237.8823529411775,115751.5019607844
2004,170402080211,11943.149019607843,224475.5333333334
2004,170402080108,36400.50196078432,137869.87058823518
2004,170402080105,15265.333333333338,111299.72941176487
2004,170402080107,13621.427450980394,126745.81568627473
2004,170402080106,8092.074509803922,97368.23137254923
2004,170402080104,5482.537254901959,108131.32941176482
2004,170402080102,5264.427450980393,149676.05882352983
2004,170402080608,92309.62352941185,223975.4901960786
2004,170402080603,5580.066666666666,150831.317647059
2004,170402080505,2892.0196078431377,131210.23137254902
2004,170402080601,4849.650980392157,139016.56078431377
2004,170402080604,16497.76470588236,88022.08627450996
2004,170402080402,8667.580392156866,105511.8862745098
2004,170402080205,7676.015686274512,91451.96078431372
2004,170402080403,15561.799999999997,112424.34117647047
2004,170402080401,21461.960784313735,151218.63137254916
2004,170402080308,17839.109803921572,105819.60000000005
2004,170402080307,16857.917647058828,173368.69411764713
2004,170402080304,8267.84705882353,137757.54509803912
2004,170402080302,12544.282352941174,175691.2862745094
2004,170402080303,1732.2039215686275,79029.21568627465
2004,170402080301,1.0,75122.63137254893
2004,170402080404,5753.776470588236,154227.16078431372
2004,170402080207,7266.258823529412,143122.10196078414
2004,170402080209,3632.007843137255,153973.99607843114
2004,170402080208,2971.333333333333,82851.32549019613
2004,170402080204,57894.815686274465,162246.06666666665
2004,170402080202,27318.192156862744,187727.70588235263
2004,170402080203,2406.1294117647058,48799.376470588344
2004,170402080201,17514.807843137256,69909.55686274514
2004,170402080306,12708.627450980388,101428.37647058826
2004,170402080305,1853.0,101332.95686274505
2004,170402080210,9680.76862745098,124218.42352941194
2005,170402080208,2179.333333333333,83643.32549019613
2005,170402080204,66509.69803921565,153631.18431372548
2005,170402080202,24846.69803921568,190199.19999999978
2005,170402080305,1792.0,101393.95686274505
2005,170402080201,6650.254901960787,80774.10980392162
2005,170402080306,14983.007843137255,99153.99607843143
2005,170402080209,4033.305882352941,153572.69803921547
2005,170402080203,1821.0588235294117,49384.44705882364
2005,170402080207,7296.772549019609,143091.58823529395
2005,170402080304,8962.411764705885,137062.98039215678
2005,170402080301,0.7372549019607844,75122.89411764697
2005,170402080303,2449.894117647059,78311.52549019628
2005,170402080302,13596.431372549017,174639.1372549016
2005,170402080307,19519.670588235298,170706.9411764706
2005,170402080308,20587.368627450982,103071.34117647064
2005,170402080401,24712.803921568644,147967.78823529423
2005,170402080403,18265.799999999996,109720.34117647047
2005,170402080205,8601.101960784317,90526.87450980392
2005,170402080604,17252.76470588235,87267.08627450996
2005,170402080210,10882.619607843135,123016.57254901978
2005,170402080601,3703.905882352941,140162.305882353
2005,170402080607,67278.39215686278,103353.3215686275
2005,170402080504,1172.917647058824,189401.2392156864
2005,170402080608,98424.84313725501,217860.2705882354
2005,170402080102,4781.411764705883,150159.0745098043
2005,170402080104,5420.1529411764695,108193.71372549032
2005,170402080106,7542.270588235297,97918.03529411783
2005,170402080107,14683.58431372549,125683.65882352962
2005,170402080105,15965.09019607844,110599.97254901977
2005,170402080108,37418.50196078432,136851.87058823518
2005,170402080211,14905.86274509804,221512.8196078432
2005,170402080506,7182.835294117649,114806.54901960795
2005,170402080505,3693.254901960784,130408.9960784314
2005,170402080602,2366.007843137255,153898.4823529412
2005,170402080402,9307.415686274513,104872.05098039213
2005,170402080606,53817.196078431385,56390.85490196075
2005,170402080507,12459.576470588232,130183.44705882354
2005,170402080101,1941.635294117647,146510.2235294119
2005,170402080103,338.0235294117647,56626.356862745204
2005,170402080206,489.0,115265.44313725483
2005,170402080501,8163.913725490197,149571.6784313726
2005,170402080502,2005.8313725490195,64090.7254901961
2005,170402080503,6691.9607843137255,156583.9294117641
2005,170402080603,5553.6352941176465,150857.74901960805
2005,170402080404,7223.380392156863,152757.5568627451
2005,170402080605,75718.77254901953,197973.5529411764
2006,170402080601,856.4470588235295,143009.7647058824
2006,170402080305,1425.0,101760.95686274506
2006,170402080306,13261.799999999994,100875.20392156867
2006,170402080201,2452.2274509803915,84972.13725490206
2006,170402080203,936.2705882352941,50269.235294117745
2006,170402080202,15948.305882352945,199097.59215686255
2006,170402080204,54645.85882352938,165495.02352941188
2006,170402080208,2503.333333333333,83319.32549019612
2006,170402080209,3557.764705882353,154048.23921568604
2006,170402080207,5702.1803921568635,144686.1803921567
2006,170402080210,8253.599999999999,125645.59215686294
2006,170402080301,1.0,75122.63137254893
2006,170402080303,1828.8901960784315,78932.52941176484
2006,170402080302,11761.058823529409,176474.50980392116
2006,170402080304,8250.843137254902,137774.54901960777
2006,170402080307,14893.537254901958,175333.07450980396
2006,170402080308,17053.05098039216,106605.65882352948
2006,170402080401,20867.458823529425,151813.13333333348
2006,170402080403,14737.882352941173,113248.25882352926
2006,170402080205,6789.494117647061,92338.48235294117
2006,170402080604,16977.4862745098,87542.3647058825
2006,170402080402,8166.356862745099,106013.10980392156
2006,170402080505,3518.4196078431373,130583.83137254904
2006,170402080503,5680.709803921569,157595.18039215627
2006,170402080608,95238.21176470596,221046.90196078454
2006,170402080102,4175.894117647059,150764.5921568632
2006,170402080104,5523.6431372549005,108090.22352941184
2006,170402080106,6564.670588235295,98895.63529411785
2006,170402080107,12640.81960784314,127726.42352941199
2006,170402080105,13659.525490196087,112905.53725490216
2006,170402080108,35431.44705882353,138838.92549019598
2006,170402080211,11252.89019607843,225165.7921568628
2006,170402080506,6018.737254901962,115970.64705882361
2006,170402080602,2873.360784313726,153391.12941176473
2006,170402080603,4447.019607843135,151964.36470588253
2006,170402080605,73529.01176470584,200163.31372549012
2006,170402080607,64747.4392156863,105884.274509804
2006,170402080606,52753.11764705884,57454.9333333333
2006,170402080507,12407.631372549016,130235.39215686274
2006,170402080101,1311.7803921568627,147140.07843137265
2006,170402080103,382.03137254901964,56582.349019607944
2006,170402080206,499.0,115255.44313725483
2006,170402080501,7287.968627450981,150447.6235294118
2006,170402080502,1311.8745098039215,64784.68235294119
2006,170402080504,1015.917647058824,189558.2392156864
2006,170402080404,5780.482352941177,154200.4549019608
2007,170402080608,91681.074509804,224604.0392156865
2007,170402080102,1667.6,153272.88627451018
2007,170402080402,7404.933333333333,106774.53333333333
2007,170402080503,4177.898039215686,159097.99215686222
2007,170402080502,1116.3058823529411,64980.25098039217
2007,170402080501,6095.521568627452,151640.07058823534
2007,170402080206,277.0,115477.44313725483
2007,170402080103,296.15686274509807,56668.223529411865
2007,170402080101,752.3490196078432,147699.50980392168
2007,170402080507,11444.133333333331,131198.89019607846
2007,170402080607,63540.078431372596,107091.63529411772
2007,170402080605,72817.94901960777,200874.37647058815
2007,170402080603,3684.5215686274514,152726.8627450982
2007,170402080602,1399.5294117647059,154864.96078431373
2007,170402080506,4980.64705882353,117008.73725490204
2007,170402080211,7989.46274509804,228429.21960784312
2007,170402080108,27495.53333333334,146774.8392156862
2007,170402080105,10406.00784313726,116159.05490196093
2007,170402080107,8413.956862745099,131953.28627451006
2007,170402080106,4155.670588235294,101304.63529411786
2007,170402080104,3923.2156862745082,109690.65098039225
2007,170402080404,4473.239215686275,155507.69803921567
2007,170402080504,871.0588235294122,189703.09803921578
2007,170402080505,2863.964705882353,131238.28627450985
2007,170402080606,51814.37647058825,58393.67450980388
2007,170402080604,16685.27058823529,87834.580392157
2007,170402080205,6089.062745098038,93038.91372549019
2007,170402080601,292.2117647058824,143574.00000000003
2007,170402080401,18310.368627450982,154370.22352941192
2007,170402080308,15173.333333333336,108485.37647058828
2007,170402080307,14101.011764705883,176125.6
2007,170402080304,6595.301960784314,139430.0901960783
2007,170402080302,9137.376470588235,179098.1921568623
2007,170402080303,1260.6705882352942,79500.749019608
2007,170402080301,,75123.63137254893
2007,170402080210,6742.596078431371,127156.59607843154
2007,170402080403,11037.572549019604,116948.56862745085
2007,170402080305,836.0,102349.95686274506
2007,170402080209,2793.4549019607844,154812.5490196076
2007,170402080208,1928.8901960784315,83893.76862745102
2007,170402080204,52785.352941176454,167355.52941176493
2007,170402080202,16580.925490196078,198464.97254901944
2007,170402080203,379.99607843137255,50825.50980392167
2007,170402080201,7920.866666666668,79503.49803921574
2007,170402080306,11685.984313725488,102451.01960784316
2007,170402080207,4336.992156862745,146051.3686274508
2008,170402080507,11855.835294117644,130787.18823529412
2008,170402080101,1230.8392156862744,147221.01960784325
2008,170402080103,401.8862745098039,56562.49411764716
2008,170402080104,5154.968627450978,108458.89803921581
2008,170402080501,5951.792156862746,151783.80000000005
2008,170402080502,1215.7215686274512,64880.83529411767
2008,170402080606,52389.66274509806,57818.38823529408
2008,170402080503,3309.027450980392,159966.86274509752
2008,170402080206,463.0,115291.44313725483
2008,170402080607,66596.74509803925,104034.96862745105
2008,170402080211,8504.152941176471,227914.52941176482
2008,170402080603,3672.333333333334,152739.0509803923
2008,170402080602,2764.6274509803925,153499.86274509807
2008,170402080506,4590.941176470589,117398.44313725499
2008,170402080108,30236.94509803922,144033.42745098035
2008,170402080105,12518.956862745104,114046.10588235306
2008,170402080107,11089.360784313725,129277.8823529414
2008,170402080106,5761.058823529411,99699.24705882372
2008,170402080504,956.9647058823532,189617.19215686287
2008,170402080605,72274.61176470583,201417.7137254901
2008,170402080505,2981.364705882353,131120.88627450983
2008,170402080402,7025.93725490196,107153.52941176471
2008,170402080604,16961.76470588235,87558.08627450996
2008,170402080102,3159.5764705882357,151780.90980392197
2008,170402080205,5584.2313725490185,93543.74509803922
2008,170402080403,11610.058823529407,116376.08235294106
2008,170402080401,19639.407843137255,153041.18431372565
2008,170402080308,17200.588235294123,106458.1215686275
2008,170402080307,15259.862745098038,174966.74901960787
2008,170402080304,6947.372549019608,139078.01960784305
2008,170402080302,11440.694117647057,176794.8745098035
2008,170402080303,1442.478431372549,79318.94117647076
2008,170402080601,850.0,143016.2117647059
2008,170402080301,1.0,75122.63137254893
2008,170402080207,4873.949019607844,145514.41176470573
2008,170402080209,3211.8117647058825,154394.19215686253
2008,170402080208,2550.333333333333,83272.32549019612
2008,170402080204,57821.199999999946,162319.68235294125
2008,170402080202,18168.141176470584,196877.75686274498
2008,170402080203,619.5882352941177,50585.91764705893
2008,170402080201,2245.164705882353,85179.2000000001
2008,170402080306,11721.125490196078,102415.87843137259
2008,170402080305,915.0,102270.95686274506
2008,170402080210,8049.278431372548,125849.91372549036
2008,170402080608,92858.37254901968,223426.74117647076
2008,170402080404,4220.172549019608,155760.76470588232
2009,170402080102,6243.90588235294,148696.58039215728
2009,170402080504,1223.917647058824,189350.23921568642
2009,170402080503,6529.643137254902,156746.24705882295
2009,170402080502,2069.6705882352944,64026.886274509816
2009,170402080501,10378.364705882354,147357.22745098043
2009,170402080206,492.0,115262.44313725483
2009,170402080103,361.6313725490196,56602.749019607945
2009,170402080101,2805.0039215686274,145646.8549019609
2009,170402080507,13036.592156862745,129606.43137254904
2009,170402080606,54078.89019607844,56129.16078431369
2009,170402080505,3627.615686274509,130474.63529411769
2009,170402080607,66845.77647058829,103785.937254902
2009,170402080603,8206.392156862745,148204.9921568629
2009,170402080602,8758.372549019608,147506.11764705885
2009,170402080506,6114.73725490196,115874.64705882363
2009,170402080211,14364.325490196079,222054.35686274513
2009,170402080108,39070.827450980396,135199.54509803915
2009,170402080105,18094.16470588236,108470.89803921586
2009,170402080107,13892.10588235294,126475.13725490218
2009,170402080106,8478.960784313727,96981.34509803935
2009,170402080104,5711.407843137254,107902.45882352951
2009,170402080605,77219.54117647052,196472.78431372545
2009,170402080601,5159.576470588236,138706.63529411767
2009,170402080608,106192.36862745104,210092.74509803933
2009,170402080305,1887.0,101298.95686274505
2009,170402080404,6540.396078431373,153440.54117647055
2009,170402080402,9447.023529411772,104732.44313725489
2009,170402080205,8668.537254901965,90459.43921568629
2009,170402080403,17709.6862745098,110276.45490196066
2009,170402080401,24664.909803921575,148015.68235294128
2009,170402080604,17296.76470588235,87223.08627450996
2009,170402080307,19851.98431372549,170374.62745098042
2009,170402080304,8699.874509803924,137325.51764705876
2009,170402080302,14757.960784313724,173477.6078431369
2009,170402080303,2508.513725490196,78252.90588235314
2009,170402080308,20468.960784313727,103189.7490196079
2009,170402080210,11132.988235294115,122766.2039215688
2009,170402080207,7449.992156862747,142938.3686274508
2009,170402080209,3784.305882352941,153821.69803921547
2009,170402080208,3664.3333333333335,82158.32549019612
2009,170402080204,66732.44313725486,153408.4392156863
2009,170402080202,27712.517647058812,187333.38039215657
2009,170402080203,3022.6980392156865,48182.80784313736
2009,170402080201,15162.568627450972,72261.7960784314
2009,170402080306,14764.078431372545,99372.92549019614
2009,170402080301,2.7372549019607844,75120.89411764697
2010,170402080606,51519.34901960786,58688.701960784274
2010,170402080507,11937.09411764706,130705.92941176472
2010,170402080101,1880.3529411764707,146571.50588235309
2010,170402080503,4089.290196078431,159186.59999999948
2010,170402080206,436.0,115318.44313725483
2010,170402080501,6536.560784313727,151199.03137254907
2010,170402080502,1525.517647058824,64571.03921568629
2010,170402080103,391.6313725490196,56572.749019607945
2010,170402080607,65689.67450980395,104942.03921568634
2010,170402080102,4730.192156862745,150210.29411764743
2010,170402080603,6024.611764705881,150386.77254901978
2010,170402080602,6112.419607843137,150152.0705882353
2010,170402080506,4626.105882352941,117363.27843137264
2010,170402080211,10836.164705882351,225582.5176470589
2010,170402080108,35537.25490196079,138733.11764705874
2010,170402080105,15393.882352941182,111171.18039215701
2010,170402080107,14968.823529411762,125398.41960784335
2010,170402080106,7077.290196078435,98383.01568627465
2010,170402080104,5113.027450980389,108500.83921568638
2010,170402080504,973.9647058823532,189600.19215686287
2010,170402080605,72317.24705882347,201375.07843137247
2010,170402080505,2900.701960784314,131201.5490196079
2010,170402080207,6739.992156862746,143648.3686274508
2010,170402080604,17102.76470588235,87417.08627450996
2010,170402080608,98005.58431372562,218279.5294117649
2010,170402080404,4868.498039215686,155112.43921568626
2010,170402080205,7436.992156862749,91690.9843137255
2010,170402080403,13733.53333333333,114252.60784313713
2010,170402080401,20839.68627450982,151840.90588235305
2010,170402080308,16911.509803921577,106747.20000000007
2010,170402080307,15525.898039215686,174700.7137254902
2010,170402080304,7076.090196078432,138949.30196078419
2010,170402080302,11814.043137254903,176421.52549019564
2010,170402080601,4203.431372549019,139662.7803921569
2010,170402080303,2047.686274509804,78713.73333333351
2010,170402080210,9569.356862745099,124329.83529411783
2010,170402080209,3551.956862745098,154054.04705882331
2010,170402080208,2913.3333333333335,82909.32549019612
2010,170402080204,66527.41176470583,153613.47058823533
2010,170402080202,25968.91372549019,189076.98431372532
2010,170402080203,2030.149019607843,49175.356862745204
2010,170402080201,7479.329411764709,79945.03529411765
2010,170402080306,13169.623529411765,100967.38039215692
2010,170402080305,1062.0,102123.95686274506
2010,170402080301,1.0,75122.63137254893
2010,170402080402,8540.772549019614,105638.69411764703
2011,170402080608,104579.674509804,211705.4392156864
2011,170402080507,12763.003921568627,129880.01960784313
2011,170402080601,3639.705882352941,140226.50588235297
2011,170402080505,3340.3882352941177,130761.86274509809
2011,170402080504,988.9647058823533,189585.19215686287
2011,170402080503,6299.054901960784,156976.83529411705
2011,170402080502,1639.207843137255,64457.349019607864
2011,170402080501,7044.196078431372,150691.39607843143
2011,170402080206,333.0,115421.44313725483
2011,170402080103,234.3607843137255,56730.019607843235
2011,170402080101,2359.21568627451,146092.643137255
2011,170402080604,17204.32156862745,87315.52941176486
2011,170402080606,54084.35686274512,56123.69411764702
2011,170402080605,76076.32156862738,197616.00392156857
2011,170402080603,5284.835294117645,151126.54901960804
2011,170402080602,3339.7843137254918,152924.70588235295
2011,170402080506,5264.13725490196,116725.2470588236
2011,170402080211,13066.423529411764,223352.25882352947
2011,170402080108,38746.82352941177,135523.54901960777
2011,170402080102,3655.043137254902,151285.44313725532
2011,170402080104,5261.99607843137,108351.87058823535
2011,170402080105,17493.81176470589,109071.25098039237
2011,170402080607,67048.32549019612,103583.38823529417
2011,170402080106,8434.474509803924,97025.83137254918
2011,170402080305,1514.0,101671.95686274505
2011,170402080201,7085.341176470585,80339.02352941183
2011,170402080404,6483.427450980393,153497.50980392154
2011,170402080402,8129.149019607844,106050.31764705882
2011,170402080205,7006.101960784316,92121.87450980392
2011,170402080403,15886.380392156861,112099.7607843136
2011,170402080401,23533.807843137263,149146.7843137256
2011,170402080308,19318.517647058834,104340.19215686279
2011,170402080307,17791.06274509804,172435.5490196079
2011,170402080306,14145.027450980391,99991.97647058831
2011,170402080302,14938.376470588233,173297.19215686238
2011,170402080304,8343.847058823529,137681.54509803915
2011,170402080301,1.7372549019607844,75121.89411764697
2011,170402080210,10307.517647058821,123591.6745098041
2011,170402080207,6454.243137254903,143934.11764705868
2011,170402080209,3848.7215686274512,153757.28235294097
2011,170402080208,2803.3333333333335,83019.32549019613
2011,170402080204,66463.4784313725,153677.4039215687
2011,170402080202,23052.10980392157,191993.78823529396
2011,170402080203,2491.2313725490194,48714.274509804025
2011,170402080303,2088.078431372549,78673.34117647076
2011,170402080107,13291.058823529413,127076.1843137257
2012,170402080205,5823.650980392156,93304.32549019609
2012,170402080402,5226.733333333334,108952.73333333334
2012,170402080401,18279.988235294117,154400.60392156878
2012,170402080403,9155.490196078432,118830.65098039205
2012,170402080505,2436.992156862745,131665.25882352944
2012,170402080601,150.0,143716.2117647059
2012,170402080604,16897.568627450975,87622.28235294133
2012,170402080305,647.0,102538.95686274506
2012,170402080306,11140.584313725487,102996.41960784316
2012,170402080201,5981.890196078428,81442.47450980401
2012,170402080203,2548.5882352941176,48656.91764705892
2012,170402080202,19652.909803921564,195392.98823529403
2012,170402080504,642.9647058823532,189931.19215686287
2012,170402080404,3503.7254901960787,156477.21176470586
2012,170402080209,2090.2039215686273,155515.79999999976
2012,170402080207,3997.101960784314,146391.25882352924
2012,170402080210,6118.988235294118,127780.2039215688
2012,170402080301,1.0,75122.63137254893
2012,170402080303,1790.870588235294,78970.549019608
2012,170402080302,9181.06274509804,179054.50588235245
2012,170402080304,5971.105882352941,140054.28627450965
2012,170402080307,13306.101960784312,176920.50980392157
2012,170402080208,1680.8901960784315,84141.76862745102
2012,170402080503,3097.6862745098038,160178.2039215681
2012,170402080204,62253.117647058745,157887.7647058824
2012,170402080501,4606.219607843137,153129.37254901964
2012,170402080502,912.3176470588235,65184.23921568628
2012,170402080608,95172.59607843145,221112.51764705905
2012,170402080102,1762.0,153178.4862745102
2012,170402080104,3656.450980392156,109957.4156862746
2012,170402080106,4503.913725490198,100956.39215686293
2012,170402080107,6723.960784313726,133643.28235294137
2012,170402080105,9672.313725490196,116892.74901960797
2012,170402080108,25880.023529411767,148390.34901960776
2012,170402080211,6484.298039215687,229934.38431372555
2012,170402080308,14867.87843137255,108790.83137254909
2012,170402080602,385.81960784313725,155878.6705882353
2012,170402080603,1960.6823529411758,154450.7019607845
2012,170402080605,69642.91764705878,204049.40784313716
2012,170402080607,63694.196078431414,106937.51764705888
2012,170402080606,51244.0117647059,58964.039215686265
2012,170402080507,11266.690196078433,131376.33333333334
2012,170402080101,430.99607843137255,148020.86274509813
2012,170402080103,195.22745098039218,56769.15294117657
2012,170402080206,167.0,115587.44313725483
2012,170402080506,3590.6627450980395,118398.72156862752
2013,170402080507,13714.003921568627,128929.01960784316
2013,170402080101,1044.5686274509803,147407.29019607857
2013,170402080103,258.1607843137255,56706.21960784324
2013,170402080503,4727.415686274509,158548.47450980337
2013,170402080501,5735.0745098039215,152000.51764705885
2013,170402080502,1542.3215686274511,64554.23529411766
2013,170402080606,54325.91372549021,55882.13725490194
2013,170402080504,998.9647058823533,189575.19215686287
2013,170402080206,389.0,115365.44313725483
2013,170402080607,67102.87058823534,103528.84313725497
2013,170402080211,10621.596078431372,225797.08627450987
2013,170402080603,3854.8196078431365,152556.56470588254
2013,170402080602,2598.3137254901962,153666.17647058825
2013,170402080506,6644.313725490198,115345.07058823538
2013,170402080108,35164.509803921566,139105.86274509795
2013,170402080105,14027.639215686282,112537.42352941193
2013,170402080107,9553.505882352942,130813.7372549022
2013,170402080106,6145.796078431374,99314.50980392176
2013,170402080102,2987.686274509804,151952.8000000004
2013,170402080505,3524.4666666666667,130577.78431372553
2013,170402080605,76995.53333333328,196696.79215686265
2013,170402080104,4977.552941176467,108636.31372549024
2013,170402080608,105383.87450980401,210901.2392156864
2013,170402080305,1332.0,101853.95686274505
2013,170402080601,2063.262745098039,141802.94901960788
2013,170402080404,5529.011764705882,154451.92549019612
2013,170402080402,7712.5843137254915,106466.88235294117
2013,170402080205,7049.211764705885,92078.76470588235
2013,170402080403,13055.901960784311,114930.23921568613
2013,170402080401,23583.137254901972,149097.45490196088
2013,170402080308,19132.462745098048,104526.24705882359
2013,170402080307,17584.349019607842,172642.2627450981
2013,170402080304,7541.070588235294,138484.32156862735
2013,170402080302,14261.945098039216,173973.6235294114
2013,170402080604,17357.76470588235,87162.08627450996
2013,170402080301,1.0,75122.63137254893
2013,170402080303,1922.8470588235293,78838.57254901977
2013,170402080201,5313.517647058824,82110.84705882361
2013,170402080203,2825.4745098039216,48380.031372549114
2013,170402080202,21262.156862745094,193783.74117647047
2013,170402080306,12410.607843137255,101726.3960784314
2013,170402080208,2866.3333333333335,82956.32549019612
2013,170402080209,3396.8705882352942,154209.1333333331
2013,170402080207,5637.560784313727,144750.79999999984
2013,170402080210,9214.364705882352,124684.82745098058
2013,170402080204,67810.23921568632,152330.64313725487
2014,170402080207,6972.1450980392165,143416.21568627434
2014,170402080306,14135.5294117647,100001.474509804
2014,170402080201,14544.56862745097,72879.79607843143
2014,170402080203,3611.913725490196,47593.592156862855
2014,170402080202,27053.63921568627,187992.25882352924
2014,170402080204,69290.73725490205,150850.14509803924
2014,170402080208,3287.333333333333,82535.32549019613
2014,170402080209,3689.133333333333,153916.87058823506
2014,170402080305,1383.0,101802.95686274505
2014,170402080307,20702.92156862745,169523.69019607845
2014,170402080303,2235.211764705882,78526.20784313742
2014,170402080302,13941.474509803922,174294.09411764666
2014,170402080304,6515.9764705882335,139509.4156862744
2014,170402080604,17302.76470588235,87217.08627450996
2014,170402080401,25738.376470588242,146942.2156862746
2014,170402080403,13945.078431372549,114041.06274509791
2014,170402080205,7503.176470588238,91624.8
2014,170402080402,7783.203921568627,106396.26274509802
2014,170402080404,6560.568627450982,153420.3686274509
2014,170402080301,2.7372549019607844,75120.89411764697
2014,170402080601,645.9529411764706,143220.25882352947
2014,170402080308,20421.890196078435,103236.81960784322
2014,170402080504,1178.9647058823534,189395.19215686287
2014,170402080505,3832.0117647058823,130270.2392156863
2014,170402080608,103479.92156862757,212805.19215686287
2014,170402080102,3519.309803921569,151421.17647058866
2014,170402080104,5410.674509803919,108203.19215686283
2014,170402080106,6061.733333333334,99398.5725490198
2014,170402080107,12180.619607843139,128186.62352941201
2014,170402080105,15275.258823529415,111289.80392156877
2014,170402080108,37042.41568627451,137227.956862745
2014,170402080211,12116.568627450979,224302.11372549023
2014,170402080506,6323.937254901959,115665.4470588236
2014,170402080602,1996.1490196078432,154268.34117647063
2014,170402080210,10118.403921568628,123780.78823529431
2014,170402080605,76812.8784313725,196879.44705882343
2014,170402080603,3463.270588235295,152948.11372549034
2014,170402080502,1973.227450980392,64123.32941176472
2014,170402080501,6469.396078431374,151266.1960784314
2014,170402080206,405.0,115349.44313725483
2014,170402080503,7003.411764705881,156272.47843137203
2014,170402080101,1272.3921568627452,147179.4666666668
2014,170402080507,13512.152941176466,129130.87058823532
2014,170402080606,53275.639215686286,56932.411764705845
2014,170402080607,66675.3490196079,103956.36470588241
2014,170402080103,295.3607843137255,56669.019607843235
2015,170402080507,13895.937254901955,128747.08627450984
2015,170402080503,5962.698039215686,157313.19215686215
2015,170402080502,2188.6745098039214,63907.88235294118
2015,170402080501,10102.419607843138,147633.17254901968
2015,170402080206,504.0,115250.44313725483
2015,170402080103,381.0235294117647,56583.356862745204
2015,170402080101,2629.156862745098,145822.70196078447
2015,170402080504,1146.9647058823534,189427.19215686287
2015,170402080603,7081.6705882352935,149329.71372549038
2015,170402080607,67605.7803921569,103025.93333333339
2015,170402080605,77867.75686274502,195824.5686274509
2015,170402080505,3580.8039215686276,130521.44705882357
2015,170402080602,2165.333333333333,154099.15686274512
2015,170402080506,6621.631372549021,115367.75294117659
2015,170402080211,15300.050980392158,221118.6313725491
2015,170402080108,41235.63529411765,133034.73725490185
2015,170402080105,18638.87058823529,107926.1921568629
2015,170402080107,15546.999999999998,124820.24313725512
2015,170402080606,55821.08627450982,54386.96470588233
2015,170402080102,5352.313725490196,149588.17254901998
2015,170402080201,17141.611764705875,70282.75294117653
2015,170402080604,17422.76470588235,87097.08627450996
2015,170402080402,9765.078431372554,104414.38823529407
2015,170402080205,8373.43529411765,90754.54117647058
2015,170402080403,16614.862745098035,111371.27843137243
2015,170402080401,28493.41176470589,144187.180392157
2015,170402080308,21385.16470588236,102273.54509803926
2015,170402080307,21073.32156862745,169153.29019607848
2015,170402080304,8523.850980392157,137501.5411764705
2015,170402080302,16367.047058823531,171868.52156862713
2015,170402080601,4208.552941176471,139657.6588235295
2015,170402080303,2367.5529411764705,78393.86666666684
2015,170402080207,7464.333333333334,142924.0274509802
2015,170402080209,3815.9333333333334,153790.07058823507
2015,170402080208,3691.3333333333335,82131.32549019612
2015,170402080204,76537.65098039218,143603.23137254902
2015,170402080202,29652.709803921553,185393.18823529384
2015,170402080203,4527.894117647059,46677.61176470599
2015,170402080306,16114.984313725487,98022.01960784319
2015,170402080305,2334.0,100851.95686274505
2015,170402080301,2.7372549019607844,75120.89411764697
2015,170402080210,11153.435294117644,122745.7568627453
2015,170402080104,5878.662745098038,107735.20392156871
2015,170402080608,105974.1333333334,210310.98039215693
2015,170402080106,7173.749019607844,98286.55686274526
2015,170402080404,6599.9882352941195,153380.9490196078
2016,170402080601,3166.5607843137254,140699.6509803922
2016,170402080604,17354.76470588235,87165.08627450996
2016,170402080305,2892.921568627451,100293.03529411761
2016,170402080306,16039.188235294116,98097.81568627458
2016,170402080201,12487.768627450976,74936.59607843141
2016,170402080203,4680.098039215686,46525.40784313736
2016,170402080202,30278.372549019612,184767.52549019584
2016,170402080204,75517.83137254904,144623.0509803922
2016,170402080208,2987.333333333333,82835.32549019613
2016,170402080205,7143.721568627451,91984.25490196078
2016,170402080505,3838.2549019607845,130263.99607843142
2016,170402080210,10889.501960784313,123009.69019607859
2016,170402080301,3.7372549019607844,75119.89411764697
2016,170402080303,2837.741176470588,77923.67843137271
2016,170402080302,18677.17254901961,169558.39607843113
2016,170402080304,9034.501960784315,136990.89019607834
2016,170402080307,22037.580392156862,168189.03137254907
2016,170402080308,22884.717647058824,100773.9921568628
2016,170402080401,29526.2117647059,143154.38039215695
2016,170402080209,3738.156862745098,153867.8470588233
2016,170402080207,7057.266666666667,143331.0941176469
2016,170402080503,6529.898039215685,156745.99215686214
2016,170402080502,2144.521568627451,63952.03529411767
2016,170402080608,108483.93725490205,207801.17647058834
2016,170402080102,6579.454901960785,148361.03137254945
2016,170402080104,6127.039215686272,107486.82745098052
2016,170402080106,8685.603921568629,96774.7019607845
2016,170402080107,14368.674509803921,125998.56862745121
2016,170402080105,20898.97254901962,105666.09019607861
2016,170402080108,40898.20392156863,133372.16862745085
2016,170402080211,16864.18823529412,219554.49411764715
2016,170402080506,6941.188235294119,115048.19607843146
2016,170402080602,3023.027450980393,153241.4627450981
2016,170402080603,7420.0549019607815,148991.3294117649
2016,170402080605,80036.40392156859,193655.9215686273
2016,170402080607,67838.41568627456,102793.29803921575
2016,170402080606,56329.043137254914,53879.007843137246
2016,170402080507,14116.70196078431,128526.32156862745
2016,170402080101,3478.1686274509802,144973.6901960786
2016,170402080103,456.8588235294118,56507.52156862755
2016,170402080206,603.0,115151.44313725483
2016,170402080501,8912.854901960787,148822.73725490202
2016,170402080504,1222.823529411765,189351.33333333346
2016,170402080403,19265.215686274507,108720.9254901959
2016,170402080404,7975.117647058825,152005.8196078431
2016,170402080402,8814.717647058827,105364.74901960787
2017,170402080504,1332.7843137254904,189241.37254901972
2017,170402080503,6704.95294117647,156570.93725490145
2017,170402080502,2244.8549019607844,63851.70196078432
2017,170402080501,11706.196078431376,146029.39607843145
2017,170402080206,697.0,115057.44313725483
2017,170402080103,540.7450980392157,56423.63529411775
2017,170402080101,5074.650980392156,143377.2078431374
2017,170402080507,13191.152941176466,129451.87058823532
2017,170402080606,54062.22352941177,56145.827450980374
2017,170402080607,69052.05098039222,101579.66274509812
2017,170402080605,81314.36862745092,192377.95686274493
2017,170402080603,9903.431372549017,146507.95294117663
2017,170402080602,7518.7843137254895,148745.70588235295
2017,170402080506,6351.168627450981,115638.21568627462
2017,170402080211,15211.854901960782,221206.82745098046
2017,170402080108,41598.768627450976,132671.60392156852
2017,170402080105,22183.458823529425,104381.60392156887
2017,170402080107,14603.533333333333,125763.70980392181
2017,170402080106,8521.811764705883,96938.4941176472
2017,170402080505,4077.8352941176468,130024.41568627454
2017,170402080104,6363.73333333333,107250.13333333342
2017,170402080604,17373.76470588235,87146.08627450996
2017,170402080306,14777.160784313724,99359.84313725495
2017,170402080404,7625.211764705886,152355.72549019603
2017,170402080402,9187.000000000005,104992.46666666665
2017,170402080205,6859.635294117646,92268.3411764706
2017,170402080403,18681.780392156867,109304.36078431355
2017,170402080401,29114.435294117662,143566.1568627452
2017,170402080308,20518.796078431376,103139.91372549026
2017,170402080307,20761.423529411768,169465.1882352942
2017,170402080304,8252.211764705882,137773.1803921568
2017,170402080302,16706.811764705883,171528.75686274478
2017,170402080303,2819.372549019608,77942.0470588237
2017,170402080301,4.737254901960784,75118.89411764697
2017,170402080210,11097.01176470588,122802.18039215704
2017,170402080207,7276.074509803922,143112.28627450962
2017,170402080209,4035.282352941176,153570.72156862725
2017,170402080208,3818.3333333333335,82004.32549019613
2017,170402080204,73825.67058823528,146315.21176470586
2017,170402080202,24993.49019607842,190052.40784313704
2017,170402080203,4474.41568627451,46731.090196078534
2017,170402080201,9647.023529411768,77777.34117647061
2017,170402080305,3168.0,100017.95686274506
2017,170402080102,7022.941176470587,147917.54509803964
2017,170402080608,107128.79215686282,209156.32156862755
2017,170402080601,5912.113725490196,137954.09803921572
2018,170402080306,15115.086274509804,99021.91764705887
2018,170402080201,11710.286274509801,75714.07843137263
2018,170402080203,3925.9411764705883,47279.56470588246
2018,170402080202,27194.3294117647,187851.56862745076
2018,170402080204,79326.4039215687,140814.47843137258
2018,170402080208,3605.1882352941175,82217.47058823534
2018,170402080209,2777.2156862745096,154828.78823529388
2018,170402080207,6402.992156862746,143985.36862745084
2018,170402080210,9383.960784313724,124515.23137254918
2018,170402080301,8.886274509803922,75114.74509803913
2018,170402080303,2372.8392156862747,78388.58039215703
2018,170402080302,16754.552941176473,171481.01568627416
2018,170402080304,8432.313725490196,137593.07843137244
2018,170402080307,18674.32156862745,171552.29019607848
2018,170402080308,18221.160784313728,105437.54901960789
2018,170402080401,28343.749019607854,144336.84313725497
2018,170402080403,16675.768627450983,111310.3725490195
2018,170402080205,6806.694117647057,92321.28235294117
2018,170402080402,7895.611764705884,106283.85490196083
2018,170402080404,7014.015686274512,152966.9215686274
2018,170402080102,6145.0039215686265,148795.4823529416
2018,170402080305,3011.0,100174.95686274506
2018,170402080604,17298.76470588235,87221.08627450996
2018,170402080608,107143.66666666674,209141.44705882363
2018,170402080601,5372.698039215686,138493.51372549025
2018,170402080106,8901.31764705882,96558.98823529428
2018,170402080107,15037.996078431373,125329.24705882376
2018,170402080105,20434.466666666664,106130.59607843154
2018,170402080108,37819.6,136450.77254901952
2018,170402080211,14303.85882352941,222114.82352941186
2018,170402080506,6336.411764705883,115652.97254901972
2018,170402080602,7119.3725490196075,149145.11764705883
2018,170402080603,8509.745098039215,147901.63921568647
2018,170402080605,80267.28627450977,193425.0392156861
2018,170402080607,68649.24313725495,101982.47058823534
2018,170402080104,6596.101960784316,107017.76470588248
2018,170402080507,12965.580392156857,129677.44313725492
2018,170402080101,4544.419607843138,143907.4392156864
2018,170402080103,704.6,56259.780392156965
2018,170402080206,834.0,114920.4431372548
2018,170402080501,10910.301960784313,146825.29019607848
2018,170402080502,2244.737254901961,63851.81960784315
2018,170402080503,6004.117647058823,157271.77254901905
2018,170402080504,1610.0549019607847,188964.10196078444
2018,170402080505,4142.992156862745,129959.25882352945
2018,170402080606,56521.36470588237,53686.68627450978
2019,170402080209,3217.2431372549017,154388.76078431352
2019,170402080208,3731.6823529411768,82090.97647058828
2019,170402080204,84728.07843137263,135412.8039215686
2019,170402080305,4059.0,99126.95686274508
2019,170402080203,3813.98431372549,47391.521568627555
2019,170402080201,12300.90980392156,75123.45490196087
2019,170402080306,16121.964705882354,98015.03921568632
2019,170402080207,6879.937254901961,143508.42352941158
2019,170402080202,31609.58039215684,183436.3176470586
2019,170402080210,11752.486274509807,122146.70588235313
2019,170402080307,21854.560784313726,168372.05098039214
2019,170402080303,2904.5019607843137,77856.91764705899
2019,170402080302,18333.86666666667,169901.70196078403
2019,170402080304,8957.24705882353,137068.14509803912
2019,170402080308,21673.733333333337,101984.9764705883
2019,170402080401,30235.776470588247,142444.8156862746
2019,170402080403,18729.921568627447,109256.21960784298
2019,170402080205,6669.874509803919,92458.1019607843
2019,170402080402,12065.874509803925,102113.59215686272
2019,170402080604,17476.76470588235,87043.08627450996
2019,170402080301,15.71764705882353,75107.9137254901
2019,170402080601,4794.517647058824,139071.6941176471
2019,170402080607,70809.20392156868,99822.50980392162
2019,170402080504,2097.392156862745,188476.76470588247
2019,170402080102,8146.443137254901,146794.0431372554
2019,170402080104,7385.50980392157,106228.35686274518
2019,170402080106,9628.91764705882,95831.3882352943
2019,170402080107,14840.18431372549,125527.05882352963
2019,170402080105,20249.584313725478,106315.47843137274
2019,170402080108,39801.56078431373,134468.81176470575
2019,170402080211,17524.964705882354,218893.71764705892
2019,170402080506,6273.8117647058825,115715.57254901971
2019,170402080602,4948.854901960784,151315.63529411767
2019,170402080505,4461.282352941173,129640.96862745102
2019,170402080603,12002.211764705882,144409.17254901977
2019,170402080404,7439.894117647061,152541.04313725492
2019,170402080606,56578.0274509804,53630.02352941175
2019,170402080507,13024.39607843137,129618.62745098042
2019,170402080101,5239.650980392157,143212.2078431374
2019,170402080103,896.992156862745,56067.38823529422
2019,170402080206,1350.9960784313726,114403.44705882343
2019,170402080501,9893.611764705884,147841.98039215693
2019,170402080502,2776.0705882352945,63320.48627450981
2019,170402080503,6905.662745098038,156370.22745097982
2019,170402080605,82447.67058823524,191244.6549019607
2019,170402080608,106773.47058823539,209511.643137255
2020,170402080601,3866.949019607844,139999.2627450981
2020,170402080608,107669.55294117657,208615.56078431386
2020,170402080503,6085.960784313724,157189.92941176414
2020,170402080502,3152.61568627451,62943.94117647059
2020,170402080501,12184.537254901958,145551.05490196086
2020,170402080206,1786.105882352941,113968.33725490188
2020,170402080103,1304.305882352941,55660.07450980402
2020,170402080101,4896.027450980392,143555.83137254918
2020,170402080507,12542.047058823526,130100.97647058826
2020,170402080606,55380.41176470589,54827.63921568627
2020,170402080607,70461.14117647061,100170.57254901968
2020,170402080605,80750.08627450974,192942.23921568622
2020,170402080603,13075.470588235292,143335.91372549036
2020,170402080602,4432.203921568627,151832.28627450982
2020,170402080506,5954.835294117647,116034.54901960798
2020,170402080211,17118.443137254897,219300.23921568634
2020,170402080108,39865.27450980394,134405.09803921558
2020,170402080105,22689.482352941188,103875.58039215705
2020,170402080107,17165.20784313726,123202.03529411789
2020,170402080106,10395.721568627447,95064.58431372567
2020,170402080104,7987.152941176474,105626.7137254903
2020,170402080504,2971.333333333334,187602.82352941186
2020,170402080505,3638.6117647058823,130463.63921568631
2020,170402080604,17454.76470588235,87065.08627450996
2020,170402080305,4627.529411764705,98558.4274509804
2020,170402080404,8108.321568627453,151872.61568627442
2020,170402080402,13226.254901960792,100953.2117647059
2020,170402080205,7805.588235294117,91322.38823529411
2020,170402080403,17262.97254901961,110723.16862745084
2020,170402080401,29673.556862745114,143007.0352941177
2020,170402080308,21644.819607843136,102013.8901960785
2020,170402080307,21565.419607843138,168661.19215686276
2020,170402080304,8509.360784313725,137516.03137254892
2020,170402080302,18667.596078431376,169567.9725490193
2020,170402080102,9494.650980392158,145445.83529411806
2020,170402080303,3124.5333333333333,77636.88627450996
2020,170402080210,12590.32941176471,121308.86274509816
2020,170402080207,7977.976470588236,142410.3843137253
2020,170402080209,3893.7529411764704,153712.25098039198
2020,170402080208,5945.196078431372,79877.46274509809
2020,170402080204,90874.43921568638,129266.44313725492
2020,170402080202,41636.04705882353,173409.85098039202
2020,170402080203,5044.913725490195,46160.59215686285
2020,170402080201,20480.21568627451,66944.14901960788
2020,170402080306,16797.74117647059,97339.26274509811
2020,170402080301,27.658823529411766,75095.9725490195
2021,170402080608,97348.2274509805,218936.88627450998
2021,170402080102,5122.294117647059,149818.1921568631
2021,170402080601,756.6470588235294,143109.5647058824
2021,170402080201,4653.843137254902,82770.52156862755
2021,170402080203,1989.3960784313726,49216.109803921674
2021,170402080202,21600.34509803921,193445.55294117628
2021,170402080204,68611.90980392159,151528.97254901964
2021,170402080208,2654.1960784313724,83168.46274509809
2021,170402080209,1718.1490196078432,155887.85490196059
2021,170402080207,5278.121568627452,145110.23921568613
2021,170402080210,6639.545098039213,127259.64705882368
2021,170402080306,13473.886274509805,100663.11764705888
2021,170402080301,12.737254901960785,75110.89411764697
2021,170402080302,13469.63137254902,174765.93725490157
2021,170402080304,7595.086274509804,138430.30588235284
2021,170402080307,17455.0705882353,172771.54117647064
2021,170402080308,18157.52941176471,105501.18039215692
2021,170402080401,27497.007843137268,145183.58431372556
2021,170402080403,12470.43529411765,115515.7058823528
2021,170402080205,6192.745098039214,92935.23137254902
2021,170402080402,9716.094117647066,104463.3725490196
2021,170402080303,1749.9686274509804,79011.45098039231
2021,170402080404,4226.294117647059,155754.64313725487
2021,170402080305,2373.321568627451,100812.6352941176
2021,170402080505,3151.078431372549,130951.17254901964
2021,170402080107,9388.388235294118,130978.85490196104
2021,170402080105,14093.70196078432,112471.36078431386
2021,170402080108,31612.192156862748,142658.18039215682
2021,170402080211,9191.635294117648,227227.0470588237
2021,170402080506,3989.5019607843133,117999.88235294128
2021,170402080602,943.4000000000001,155321.09019607847
2021,170402080603,5852.027450980392,150559.35686274525
2021,170402080605,76407.694117647,197284.6313725489
2021,170402080604,17038.76470588235,87481.08627450996
2021,170402080607,67777.34901960788,102854.36470588244
2021,170402080507,11149.588235294115,131493.4352941177
2021,170402080101,1784.1098039215685,146667.749019608
2021,170402080103,936.7568627450981,56027.623529411874
2021,170402080206,1237.2156862745098,114517.22745098031
2021,170402080501,4478.698039215683,153256.89411764714
2021,170402080502,1311.6980392156865,64784.85882352941
2021,170402080503,3169.4823529411765,160106.4078431367
2021,170402080504,2109.160784313726,188464.9960784315
2021,170402080606,53224.23529411765,56983.81568627449
2021,170402080106,7932.905882352941,97527.4000000002
2021,170402080104,5972.545098039216,107641.32156862758
2022,170402080104,6410.199999999997,107203.66666666676
2022,170402080305,3227.921568627451,99958.03529411761
2022,170402080306,16137.06666666667,97999.93725490203
2022,170402080201,15477.380392156847,71946.98431372552
2022,170402080203,3696.070588235294,47509.43529411775
2022,170402080202,29994.682352941163,185051.21568627428
2022,170402080204,77703.15686274515,142437.72549019606
2022,170402080208,3970.0,81852.65882352946
2022,170402080209,2998.843137254902,154607.1607843135
2022,170402080207,7121.003921568627,143267.35686274493
2022,170402080210,11652.490196078425,122246.70196078444
2022,170402080301,9.717647058823529,75113.9137254901
2022,170402080303,2166.5254901960784,78594.89411764724
2022,170402080302,17834.08627450981,170401.48235294083
2022,170402080304,8752.419607843138,137272.97254901953
2022,170402080307,22086.470588235294,168140.1411764706
2022,170402080308,21012.125490196086,102646.58431372556
2022,170402080401,31320.239215686295,141360.3529411766
2022,170402080403,17214.88235294117,110771.25882352926
2022,170402080205,8666.803921568626,90461.1725490196
2022,170402080402,12675.980392156871,101503.48627450978
2022,170402080102,4767.333333333333,150173.15294117684
2022,170402080604,17347.76470588235,87172.08627450996
2022,170402080505,4197.807843137255,129904.44313725493
2022,170402080106,10222.556862745098,95237.74901960805
2022,170402080107,14594.470588235292,125772.77254901988
2022,170402080105,17985.862745098042,108579.20000000016
2022,170402080108,39262.168627450985,135008.20392156852
2022,170402080211,16082.533333333333,220336.14901960792
2022,170402080506,5958.286274509805,116031.0980392158
2022,170402080602,4303.8039215686285,151960.68627450982
2022,170402080603,10159.145098039215,146252.23921568645
2022,170402080605,80540.92156862741,193151.4039215685
2022,170402080607,67662.937254902,102968.77647058832
2022,170402080606,54424.83137254904,55783.21960784312
2022,170402080507,12308.815686274502,130334.20784313725
2022,170402080101,3251.309803921569,145200.549019608
2022,170402080103,677.0549019607843,56287.32549019618
2022,170402080206,764.0,114990.44313725483
2022,170402080501,9724.83921568628,148010.75294117653
2022,170402080502,2391.9333333333334,63704.623529411765
2022,170402080503,6567.7764705882355,156708.11372548965
2022,170402080504,1638.3882352941182,188935.76862745106
2022,170402080601,2788.9803921568628,141077.23137254905
2022,170402080608,103598.38039215695,212686.73333333345
2022,170402080404,7206.4352941176485,152774.5019607843
2023,170402080608,106520.77254901969,209764.34117647065
2023,170402080504,1605.7411764705885,188968.41568627462
2023,170402080503,7408.615686274509,155867.2745098034
2023,170402080502,2967.019607843137,63129.537254901974
2023,170402080501,11786.956862745097,145948.6352941177
2023,170402080206,732.0,115022.44313725483
2023,170402080103,591.8666666666666,56372.513725490295
2023,170402080101,4276.796078431373,144175.06274509817
2023,170402080507,12708.725490196075,129934.2980392157
2023,170402080606,56195.07450980395,54012.97647058821
2023,170402080607,67949.81568627457,102681.89803921577
2023,170402080605,80112.79607843133,193579.5294117646
2023,170402080603,9399.529411764704,147011.85490196093
2023,170402080602,3951.7058823529414,152312.7843137255
2023,170402080506,6518.905882352941,115470.47843137264
2023,170402080211,18266.396078431368,218152.28627450985
2023,170402080108,44682.5568627451,129587.81568627444
2023,170402080105,24746.505882352954,101818.55686274532
2023,170402080107,19171.89803921569,121195.3450980395
2023,170402080106,11903.643137254898,93556.66274509819
2023,170402080505,4090.749019607843,130011.50196078434
2023,170402080601,3288.3960784313726,140577.81568627455
2023,170402080604,17287.76470588235,87232.08627450996
2023,170402080305,4099.9607843137255,99085.99607843137
2023,170402080404,7944.12549019608,152036.81176470587
2023,170402080402,13445.588235294126,100733.87843137252
2023,170402080205,9222.482352941177,89905.49411764705
2023,170402080403,20158.69803921569,107827.44313725478
2023,170402080401,32627.627450980406,140052.96470588242
2023,170402080308,22460.34901960785,101198.36078431379
2023,170402080307,23102.372549019612,167124.2392156863
2023,170402080304,9642.043137254903,136383.3490196077
2023,170402080302,19199.223529411764,169036.34509803902
2023,170402080102,8189.988235294117,146750.4980392161
2023,170402080303,2848.01568627451,77913.4039215688
2023,170402080210,12889.058823529413,121010.1333333335
2023,170402080207,8249.921568627451,142138.4392156861
2023,170402080209,3442.937254901961,154163.06666666645
2023,170402080208,4193.0,81629.65882352946
2023,170402080204,79848.72156862749,140292.16078431378
2023,170402080202,29980.27450980392,185065.62352941156
2023,170402080203,5032.207843137255,46173.29803921579
2023,170402080201,19417.823529411762,68006.54117647062
2023,170402080306,17349.015686274517,96787.98823529416
2023,170402080301,5.737254901960784,75117.89411764697
2023,170402080104,6436.388235294114,107177.47843137263
